INSERT INTO PROJECT(PROJECT_ID, ADMIN_ID, END_DATE, INTRODUCTION, PROJECT_NAME, PERIOD, START_DATE, STATUS)
VALUES (1, 100, DATE('2022-11-16'), 'PROJECT_1', 'PROJECT_1', DATE('2022-11-11'), DATE('2022-12-01'), 'COLLECT');
INSERT INTO PROJECT(PROJECT_ID, ADMIN_ID, END_DATE, INTRODUCTION, PROJECT_NAME, PERIOD, START_DATE, STATUS)
VALUES (2, 100, DATE('2022-11-16'), 'PROJECT_2', 'PROJECT_2', DATE('2022-11-11'), DATE('2022-12-01'), 'COLLECT');
INSERT INTO PROJECT(PROJECT_ID, ADMIN_ID, END_DATE, INTRODUCTION, PROJECT_NAME, PERIOD, START_DATE, STATUS)
VALUES (3, 100, DATE('2022-11-16'), 'PROJECT_3', 'PROJECT_3', DATE('2022-11-11'), DATE('2022-12-01'), 'COLLECT');
INSERT INTO PROJECT(PROJECT_ID, ADMIN_ID, END_DATE, INTRODUCTION, PROJECT_NAME, PERIOD, START_DATE, STATUS)
VALUES (4, 100, DATE('2022-11-16'), 'PROJECT_4', 'PROJECT_4', DATE('2022-11-11'), DATE('2022-12-01'), 'ING');
INSERT INTO PROJECT(PROJECT_ID, ADMIN_ID, END_DATE, INTRODUCTION, PROJECT_NAME, PERIOD, START_DATE, STATUS)
VALUES (5, 101, DATE('2022-11-16'), 'PROJECT_5', 'PROJECT_5', DATE('2022-11-11'), DATE('2022-12-01'), 'ING');
INSERT INTO PROJECT(PROJECT_ID, ADMIN_ID, END_DATE, INTRODUCTION, PROJECT_NAME, PERIOD, START_DATE, STATUS)
VALUES (6, 102, DATE('2022-11-16'), 'PROJECT_6', 'PROJECT_6', DATE('2022-11-11'), DATE('2022-12-01'), 'ING');
INSERT INTO PROJECT(PROJECT_ID, ADMIN_ID, END_DATE, INTRODUCTION, PROJECT_NAME, PERIOD, START_DATE, STATUS)
VALUES (7, 103, DATE('2022-11-16'), 'PROJECT_7', 'PROJECT_7', DATE('2022-11-11'), DATE('2022-12-01'), 'FIN');
INSERT INTO PROJECT(PROJECT_ID, ADMIN_ID, END_DATE, INTRODUCTION, PROJECT_NAME, PERIOD, START_DATE, STATUS)
VALUES (8, 103, DATE('2022-11-16'), 'PROJECT_8', 'PROJECT_8', DATE('2022-11-11'), DATE('2022-12-01'), 'FIN');
INSERT INTO PROJECT(PROJECT_ID, ADMIN_ID, END_DATE, INTRODUCTION, PROJECT_NAME, PERIOD, START_DATE, STATUS)
VALUES (9, 104, DATE('2022-11-16'), 'PROJECT_9', 'PROJECT_9', DATE('2022-11-11'), DATE('2022-12-01'), 'FIN');
INSERT INTO PROJECT(PROJECT_ID, ADMIN_ID, END_DATE, INTRODUCTION, PROJECT_NAME, PERIOD, START_DATE, STATUS)
VALUES (10,104, DATE('2022-11-16'), 'PROJECT_10', 'PROJECT_10', DATE('2022-11-11'), DATE('2022-12-01'), 'COLLECT');


INSERT INTO MEMBER(MEMBER_ID, EMAIL, GIT_ADDRESS, INTRO, LOGIN_ID, MEMBER_NAME, POSITION, PW)
VALUES (100, 'namhm23@naver.com', 'hello.git', '안녕하세요~~', 'member1', 'member1', 'Backend', '12341234');
INSERT INTO MEMBER(MEMBER_ID, EMAIL, GIT_ADDRESS, INTRO, LOGIN_ID, MEMBER_NAME, POSITION, PW)
VALUES (101, 'namhm1@naver.com', 'hello.git', '안녕하세요~~', 'member2', 'member2', 'Frontend', '12341234');
INSERT INTO MEMBER(MEMBER_ID, EMAIL, GIT_ADDRESS, INTRO, LOGIN_ID, MEMBER_NAME, POSITION, PW)
VALUES (102, 'namhm2@naver.com', 'hello.git', '안녕하세요~~', 'member3', 'member3', 'Frontend', '12341234');
INSERT INTO MEMBER(MEMBER_ID, EMAIL, GIT_ADDRESS, INTRO, LOGIN_ID, MEMBER_NAME, POSITION, PW)
VALUES (103, 'namhm3@naver.com', 'hello.git', '안녕하세요~~', 'member4', 'member4', 'Backend', '12341234');
INSERT INTO MEMBER(MEMBER_ID, EMAIL, GIT_ADDRESS, INTRO, LOGIN_ID, MEMBER_NAME, POSITION, PW)
VALUES (104, 'namhm4@naver.com', 'hello.git', '안녕하세요~~', 'member5', 'member5', 'Backend', '12341234');
INSERT INTO MEMBER(MEMBER_ID, EMAIL, GIT_ADDRESS, INTRO, LOGIN_ID, MEMBER_NAME, POSITION, PW)
VALUES (105, 'namhm5@naver.com', 'hello.git', '안녕하세요~~', 'member6', 'member6', 'IOS', '12341234');
INSERT INTO MEMBER(MEMBER_ID, EMAIL, GIT_ADDRESS, INTRO, LOGIN_ID, MEMBER_NAME, POSITION, PW)
VALUES (106, 'namhm6@naver.com', 'hello.git', '안녕하세요~~', 'member7', 'member7', 'IOS', '12341234');
INSERT INTO MEMBER(MEMBER_ID, EMAIL, GIT_ADDRESS, INTRO, LOGIN_ID, MEMBER_NAME, POSITION, PW)
VALUES (107, 'namhm7@naver.com', 'hello.git', '안녕하세요~~', 'member8', 'member8', 'Android', '12341234');
INSERT INTO MEMBER(MEMBER_ID, EMAIL, GIT_ADDRESS, INTRO, LOGIN_ID, MEMBER_NAME, POSITION, PW)
VALUES (108, 'namhm8@naver.com', 'hello.git', '안녕하세요~~', 'member9', 'member9', 'Android', '12341234');

INSERT INTO project_positions(PROJECT_ID, POSITIONS) VALUES (1, 'Backend');
INSERT INTO project_positions(PROJECT_ID, POSITIONS) VALUES (1, 'Frontend');
INSERT INTO project_positions(PROJECT_ID, POSITIONS) VALUES (1, 'Full_Stack');
INSERT INTO project_positions(PROJECT_ID, POSITIONS) VALUES (2, 'Backend');
INSERT INTO project_positions(PROJECT_ID, POSITIONS) VALUES (2, 'Frontend');
INSERT INTO project_positions(PROJECT_ID, POSITIONS) VALUES (2, 'AI');
INSERT INTO project_positions(PROJECT_ID, POSITIONS) VALUES (3, 'Backend');
INSERT INTO project_positions(PROJECT_ID, POSITIONS) VALUES (3, 'Android');
INSERT INTO project_positions(PROJECT_ID, POSITIONS) VALUES (3, 'IOS');
INSERT INTO project_positions(PROJECT_ID, POSITIONS) VALUES (3, 'AI');
INSERT INTO project_positions(PROJECT_ID, POSITIONS) VALUES (4, 'Backend');
INSERT INTO project_positions(PROJECT_ID, POSITIONS) VALUES (4, 'Frontend');
INSERT INTO project_positions(PROJECT_ID, POSITIONS) VALUES (4, 'Android');
INSERT INTO project_positions(PROJECT_ID, POSITIONS) VALUES (4, 'IOS');



INSERT INTO member_skills(MEMBER_ID, SKILLS) VALUES (100, 'SPRING');
INSERT INTO member_skills(MEMBER_ID, SKILLS) VALUES (100, 'JAVA');
INSERT INTO member_skills(MEMBER_ID, SKILLS) VALUES (100, 'C');
INSERT INTO member_skills(MEMBER_ID, SKILLS) VALUES (101, 'JS');
INSERT INTO member_skills(MEMBER_ID, SKILLS) VALUES (101, 'HTML');
INSERT INTO member_skills(MEMBER_ID, SKILLS) VALUES (101, 'CSS');
INSERT INTO member_skills(MEMBER_ID, SKILLS) VALUES (102, 'ANDROID');
INSERT INTO member_skills(MEMBER_ID, SKILLS) VALUES (103, 'IOS');
INSERT INTO member_skills(MEMBER_ID, SKILLS) VALUES (104, 'HTML');
INSERT INTO member_skills(MEMBER_ID, SKILLS) VALUES (104, 'CSS');
INSERT INTO member_skills(MEMBER_ID, SKILLS) VALUES (105, 'JAVA');
INSERT INTO member_skills(MEMBER_ID, SKILLS) VALUES (105, 'C');

INSERT INTO member_project(MEMBER_ID, PROJECT_ID) VALUES (100, 1);
INSERT INTO member_project(MEMBER_ID, PROJECT_ID) VALUES (101, 2);
INSERT INTO member_project(MEMBER_ID, PROJECT_ID) VALUES (102, 3);
INSERT INTO member_project(MEMBER_ID, PROJECT_ID) VALUES (103, 4);
INSERT INTO member_project(MEMBER_ID, PROJECT_ID) VALUES (101, 4);
INSERT INTO member_project(MEMBER_ID, PROJECT_ID) VALUES (105, 4);
INSERT INTO member_project(MEMBER_ID, PROJECT_ID) VALUES (100, 5);
INSERT INTO member_project(MEMBER_ID, PROJECT_ID) VALUES (102, 5);
INSERT INTO member_project(MEMBER_ID, PROJECT_ID) VALUES (103, 5);
INSERT INTO member_project(MEMBER_ID, PROJECT_ID) VALUES (104, 6);
INSERT INTO member_project(MEMBER_ID, PROJECT_ID) VALUES (105, 6);
INSERT INTO member_project(MEMBER_ID, PROJECT_ID) VALUES (102, 6);
INSERT INTO member_project(MEMBER_ID, PROJECT_ID) VALUES (100, 6);
INSERT INTO member_project(MEMBER_ID, PROJECT_ID) VALUES (101, 7);
INSERT INTO member_project(MEMBER_ID, PROJECT_ID) VALUES (102, 7);
INSERT INTO member_project(MEMBER_ID, PROJECT_ID) VALUES (103, 7);
INSERT INTO member_project(MEMBER_ID, PROJECT_ID) VALUES (104, 7);



