INSERT INTO PROJECT(PROJECT_ID, ADMIN_ID, END_DATE, INTRODUCTION, PROJECT_NAME, PERIOD, START_DATE, STATUS, store_filename)
VALUES (1, 100, DATE('2022-12-31'), '경기대학교 통합 예약 시스템', 'KUBS', DATE('2022-10-31'), DATE('2022-11-05'), 'ING', '경기대.png');
INSERT INTO PROJECT(PROJECT_ID, ADMIN_ID, END_DATE, INTRODUCTION, PROJECT_NAME, PERIOD, START_DATE, STATUS, store_filename)
VALUES (2, 100, DATE('2022-12-31'), '당근마켓 클론코딩 프로젝트', '당근마켓 클론코딩', DATE('2022-10-31'), DATE('2022-11-05'), 'ING', '당근.jpg');
INSERT INTO PROJECT(PROJECT_ID, ADMIN_ID, END_DATE, INTRODUCTION, PROJECT_NAME, PERIOD, START_DATE, STATUS, store_filename)
VALUES (3, 101, DATE('2023-03-01'), '운동을 기록하고 운동 프로그램을 적용시킬 수 있는 앱', '헬스 케어 어플', DATE('2022-12-31'), DATE('2023-01-01'), 'COLLECT', '헬스.png');
INSERT INTO PROJECT(PROJECT_ID, ADMIN_ID, END_DATE, INTRODUCTION, PROJECT_NAME, PERIOD, START_DATE, STATUS, store_filename)
VALUES (4, 102, DATE('2022-12-13'), '모바일로 즐기는 스도쿠 앱', '스도쿠', DATE('2022-09-20'), DATE('2022-10-01'), 'ING', '스도쿠.png');
INSERT INTO PROJECT(PROJECT_ID, ADMIN_ID, END_DATE, INTRODUCTION, PROJECT_NAME, PERIOD, START_DATE, STATUS, store_filename)
VALUES (5, 103, DATE('2022-09-01'), '경기대 물품대여 사업 웹페이지', 'kgu_rental', DATE('2022-06-30'), DATE('2022-07-01'), 'FIN', '경기대.png');
INSERT INTO PROJECT(PROJECT_ID, ADMIN_ID, END_DATE, INTRODUCTION, PROJECT_NAME, PERIOD, START_DATE, STATUS, store_filename)
VALUES (6, 104, DATE('2022-11-20'), '결정장애 현대인들을 위한 음식 추천 웹페이지', '음식 추천 웹', DATE('2022-08-31'), DATE('2022-09-01'), 'FIN', '음식.jpg');
INSERT INTO PROJECT(PROJECT_ID, ADMIN_ID, END_DATE, INTRODUCTION, PROJECT_NAME, PERIOD, START_DATE, STATUS, store_filename)
VALUES (7, 105, DATE('2023-03-01'), '경기대학교 식권 발권 앱', 'Swing_BizCard', DATE('2022-12-31'), DATE('2023-01-01'), 'COLLECT', '경기대.png');
INSERT INTO PROJECT(PROJECT_ID, ADMIN_ID, END_DATE, INTRODUCTION, PROJECT_NAME, PERIOD, START_DATE, STATUS, store_filename)
VALUES (8, 106, DATE('2023-03-01'), '웹툰 플랫폼 3곳의 컨텐츠들을 한 곳에 모아 손쉽게 접근이 가능한 서비스', 'webtoon_moa', DATE('2022-12-31'), DATE('2023-01-5'), 'COLLECT', '네웹.png');
INSERT INTO PROJECT(PROJECT_ID, ADMIN_ID, END_DATE, INTRODUCTION, PROJECT_NAME, PERIOD, START_DATE, STATUS, store_filename)
VALUES (9, 107, DATE('2023-09-01'), '예술작품을 대상으로한 C2C 플랫폼', 'Another_Art', DATE('2023-01-01'), DATE('2023-01-10'), 'COLLECT', 'Another_Art.png');


INSERT INTO MEMBER(MEMBER_ID, EMAIL, GIT_ADDRESS, INTRO, MEMBER_NAME, login_id, POSITION, PW)
VALUES (100, 'namhm23@naver.com', 'hello.git', '안녕하세요~~', '김고니', 'member1', 'Backend', '12341234');
INSERT INTO MEMBER(MEMBER_ID, EMAIL, GIT_ADDRESS, INTRO, MEMBER_NAME, LOGIN_ID, POSITION, PW)
VALUES (101, 'namhm1@naver.com', 'hello.git', '안녕하세요~~', '김아귀', 'member2', 'Frontend', '12341234');
INSERT INTO MEMBER(MEMBER_ID, EMAIL, GIT_ADDRESS, INTRO, MEMBER_NAME, LOGIN_ID, POSITION, PW)
VALUES (102, 'namhm2@naver.com', 'hello.git', '안녕하세요~~', '이짝귀', 'member3', 'Frontend', '12341234');
INSERT INTO MEMBER(MEMBER_ID, EMAIL, GIT_ADDRESS, INTRO, MEMBER_NAME, LOGIN_ID, POSITION, PW)
VALUES (103, 'namhm3@naver.com', 'hello.git', '안녕하세요~~', '정마담', 'member4', 'Backend', '12341234');
INSERT INTO MEMBER(MEMBER_ID, EMAIL, GIT_ADDRESS, INTRO, MEMBER_NAME, LOGIN_ID, POSITION, PW)
VALUES (104, 'namhm4@naver.com', 'hello.git', '안녕하세요~~', '고광렬', 'member5', 'Backend', '12341234');
INSERT INTO MEMBER(MEMBER_ID, EMAIL, GIT_ADDRESS, INTRO, MEMBER_NAME, LOGIN_ID, POSITION, PW)
VALUES (105, 'namhm5@naver.com', 'hello.git', '안녕하세요~~', '너구리', 'member6', 'IOS', '12341234');
INSERT INTO MEMBER(MEMBER_ID, EMAIL, GIT_ADDRESS, INTRO, MEMBER_NAME, LOGIN_ID, POSITION, PW)
VALUES (106, 'namhm6@naver.com', 'hello.git', '안녕하세요~~', '평경장', 'member7', 'IOS', '12341234');
INSERT INTO MEMBER(MEMBER_ID, EMAIL, GIT_ADDRESS, INTRO, MEMBER_NAME, LOGIN_ID, POSITION, PW)
VALUES (107, 'namhm7@naver.com', 'hello.git', '안녕하세요~~', '예림이', 'member8', 'Android', '12341234');
INSERT INTO MEMBER(MEMBER_ID, EMAIL, GIT_ADDRESS, INTRO, MEMBER_NAME, LOGIN_ID, POSITION, PW)
VALUES (108, 'namhm8@naver.com', 'hello.git', '안녕하세요~~', '곽철용', 'member9', 'Android', '12341234');
INSERT INTO MEMBER(MEMBER_ID, EMAIL, GIT_ADDRESS, INTRO, MEMBER_NAME, LOGIN_ID, POSITION, PW)
VALUES (109, 'namhm9@naver.com', 'hello.git', '안녕하세요~~', '박무석', 'member10', 'AI', '12341234');

INSERT INTO project_positions(PROJECT_ID, POSITIONS) VALUES (1, 'Backend');
INSERT INTO project_positions(PROJECT_ID, POSITIONS) VALUES (1, 'Frontend');
INSERT INTO project_positions(PROJECT_ID, POSITIONS) VALUES (1, 'Full_Stack');
INSERT INTO project_positions(PROJECT_ID, POSITIONS) VALUES (2, 'Backend');
INSERT INTO project_positions(PROJECT_ID, POSITIONS) VALUES (2, 'Android');
INSERT INTO project_positions(PROJECT_ID, POSITIONS) VALUES (3, 'Backend');
INSERT INTO project_positions(PROJECT_ID, POSITIONS) VALUES (3, 'Android');
INSERT INTO project_positions(PROJECT_ID, POSITIONS) VALUES (3, 'IOS');
INSERT INTO project_positions(PROJECT_ID, POSITIONS) VALUES (4, 'Backend');
INSERT INTO project_positions(PROJECT_ID, POSITIONS) VALUES (4, 'Android');
INSERT INTO project_positions(PROJECT_ID, POSITIONS) VALUES (4, 'IOS');
INSERT INTO project_positions(PROJECT_ID, POSITIONS) VALUES (5, 'Backend');
INSERT INTO project_positions(PROJECT_ID, POSITIONS) VALUES (5, 'Frontend');
INSERT INTO project_positions(PROJECT_ID, POSITIONS) VALUES (6, 'Backend');
INSERT INTO project_positions(PROJECT_ID, POSITIONS) VALUES (6, 'Frontend');
INSERT INTO project_positions(PROJECT_ID, POSITIONS) VALUES (6, 'AI');
INSERT INTO project_positions(PROJECT_ID, POSITIONS) VALUES (7, 'Backend');
INSERT INTO project_positions(PROJECT_ID, POSITIONS) VALUES (7, 'Android');
INSERT INTO project_positions(PROJECT_ID, POSITIONS) VALUES (7, 'IOS');
INSERT INTO project_positions(PROJECT_ID, POSITIONS) VALUES (8, 'Backend');
INSERT INTO project_positions(PROJECT_ID, POSITIONS) VALUES (8, 'Frontend');
INSERT INTO project_positions(PROJECT_ID, POSITIONS) VALUES (9, 'Backend');
INSERT INTO project_positions(PROJECT_ID, POSITIONS) VALUES (9, 'Frontend');
INSERT INTO project_positions(PROJECT_ID, POSITIONS) VALUES (9, 'AI');


INSERT INTO member_skills(MEMBER_ID, SKILLS) VALUES (100, 'SPRING');
INSERT INTO member_skills(MEMBER_ID, SKILLS) VALUES (100, 'JAVA');
INSERT INTO member_skills(MEMBER_ID, SKILLS) VALUES (100, 'C');
INSERT INTO member_skills(MEMBER_ID, SKILLS) VALUES (101, 'JS');
INSERT INTO member_skills(MEMBER_ID, SKILLS) VALUES (101, 'HTML');
INSERT INTO member_skills(MEMBER_ID, SKILLS) VALUES (101, 'CSS');
INSERT INTO member_skills(MEMBER_ID, SKILLS) VALUES (102, 'ANDROID');
INSERT INTO member_skills(MEMBER_ID, SKILLS) VALUES (103, 'IOS');
INSERT INTO member_skills(MEMBER_ID, SKILLS) VALUES (104, 'HTML');
INSERT INTO member_skills(MEMBER_ID, SKILLS) VALUES (104, 'CSS');
INSERT INTO member_skills(MEMBER_ID, SKILLS) VALUES (105, 'JAVA');
INSERT INTO member_skills(MEMBER_ID, SKILLS) VALUES (105, 'C');

INSERT INTO member_project(MEMBER_ID, PROJECT_ID) VALUES (100, 1);
INSERT INTO member_project(MEMBER_ID, PROJECT_ID) VALUES (102, 1);
INSERT INTO member_project(MEMBER_ID, PROJECT_ID) VALUES (101, 1);
INSERT INTO member_project(MEMBER_ID, PROJECT_ID) VALUES (103, 1);
INSERT INTO member_project(MEMBER_ID, PROJECT_ID) VALUES (100, 2);
INSERT INTO member_project(MEMBER_ID, PROJECT_ID) VALUES (107, 2);
INSERT INTO member_project(MEMBER_ID, PROJECT_ID) VALUES (107, 3);
INSERT INTO member_project(MEMBER_ID, PROJECT_ID) VALUES (108, 4);
INSERT INTO member_project(MEMBER_ID, PROJECT_ID) VALUES (106, 4);
INSERT INTO member_project(MEMBER_ID, PROJECT_ID) VALUES (103, 4);
INSERT INTO member_project(MEMBER_ID, PROJECT_ID) VALUES (103, 5);
INSERT INTO member_project(MEMBER_ID, PROJECT_ID) VALUES (102, 5);
INSERT INTO member_project(MEMBER_ID, PROJECT_ID) VALUES (104, 6);
INSERT INTO member_project(MEMBER_ID, PROJECT_ID) VALUES (100, 6);
INSERT INTO member_project(MEMBER_ID, PROJECT_ID) VALUES (101, 6);
INSERT INTO member_project(MEMBER_ID, PROJECT_ID) VALUES (109, 6);
INSERT INTO member_project(MEMBER_ID, PROJECT_ID) VALUES (105, 7);
INSERT INTO member_project(MEMBER_ID, PROJECT_ID) VALUES (108, 7);
INSERT INTO member_project(MEMBER_ID, PROJECT_ID) VALUES (101, 8);
INSERT INTO member_project(MEMBER_ID, PROJECT_ID) VALUES (100, 8);
INSERT INTO member_project(MEMBER_ID, PROJECT_ID) VALUES (109, 9);
INSERT INTO member_project(MEMBER_ID, PROJECT_ID) VALUES (103, 9);



